/*
	This will populate the database
*/

SET search_path = ehotel;

Insert into hotelchain(hname)
Values
	('Hilton'),
	('Marriot'),
	('Best Western'),
	('Days Inn'),
	('Brook Street');

Insert into hotel(hname, harea,rating)
Values
	('Hilton','Winnipeg',1),
	('Hilton','Montreal',3),
	('Hilton','Phoenix',1),
	('Hilton','New York',4),
	('Hilton','Chicago',3),
	('Hilton','Winnipeg',1),
	('Hilton','Toronto',4),
	('Hilton','Toronto',1),
	('Marriot','New York',5),
	('Marriot','Barrie',2),
	('Marriot','Winnipeg',1),
	('Marriot','Montreal',3),
	('Marriot','Phoenix',1),
	('Marriot','Chicago',5),
	('Marriot','Montreal',1),
	('Marriot','Washington',2),
	('Best Western','Calgary',1),
	('Best Western','Los Angeles',3),
	('Best Western','Phoenix',4),
	('Best Western','Ottawa',2),
	('Best Western','New York',3),
	('Best Western','Phoenix',4),
	('Best Western','Los Angeles',5),
	('Best Western','Vancouver',4),
	('Days Inn','Winnipeg',1),
	('Days Inn','Winnipeg',1),
	('Days Inn','Montreal',5),
	('Days Inn','Calgary',3),
	('Days Inn','Winnipeg',4),
	('Days Inn','Halifax',5),
	('Days Inn','Calgary',4),
	('Days Inn','Ottawa',3),
	('Brook Street','Los Angeles',5),
	('Brook Street','Stouffville',2),
	('Brook Street','Toronto',4),
	('Brook Street','Winnipeg',5),
	('Brook Street','Washington',3),
	('Brook Street','Phoenix',5),
	('Brook Street','Winnipeg',2),
	('Brook Street','Hamilton',2);

Insert into room(hotelID, roomnum,capacity)
Values
    (1,0,5),
    (1,1,2),
    (1,2,4),
    (1,3,3),
    (1,4,6),
    (2,0,1),
    (2,1,2),
    (2,2,5),
    (2,3,2),
    (2,4,4),
    (3,0,6),
    (3,1,6),
    (3,2,4),
    (3,3,3),
    (3,4,2),
    (4,0,6),
    (4,1,6),
    (4,2,2),
    (4,3,4),
    (4,4,2),
    (5,0,5),
    (5,1,3),
    (5,2,1),
    (5,3,1),
    (5,4,5),
    (6,0,3),
    (6,1,4),
    (6,2,1),
    (6,3,1),
    (6,4,6),
    (7,0,6),
    (7,1,3),
    (7,2,6),
    (7,3,1),
    (7,4,2),
    (8,0,6),
    (8,1,4),
    (8,2,2),
    (8,3,2),
    (8,4,3),
    (9,0,3),
    (9,1,3),
    (9,2,4),
    (9,3,2),
    (9,4,2),
    (10,0,4),
    (10,1,6),
    (10,2,5),
    (10,3,5),
    (10,4,3),
    (11,0,4),
    (11,1,4),
    (11,2,6),
    (11,3,2),
    (11,4,5),
    (12,0,3),
    (12,1,2),
    (12,2,3),
    (12,3,6),
    (12,4,1),
    (13,0,4),
    (13,1,5),
    (13,2,5),
    (13,3,2),
    (13,4,3),
    (14,0,2),
    (14,1,3),
    (14,2,4),
    (14,3,2),
    (14,4,5),
    (15,0,2),
    (15,1,5),
    (15,2,2),
    (15,3,4),
    (15,4,6),
    (16,0,6),
    (16,1,2),
    (16,2,1),
    (16,3,5),
    (16,4,2),
    (17,0,5),
    (17,1,4),
    (17,2,5),
    (17,3,2),
    (17,4,4),
    (18,0,6),
    (18,1,5),
    (18,2,1),
    (18,3,4),
    (18,4,6),
    (19,0,6),
    (19,1,3),
    (19,2,1),
    (19,3,3),
    (19,4,4),
    (20,0,6),
    (20,1,2),
    (20,2,5),
    (20,3,4),
    (20,4,5),
    (21,0,1),
    (21,1,5),
    (21,2,6),
    (21,3,2),
    (21,4,2),
    (22,0,1),
    (22,1,4),
    (22,2,5),
    (22,3,2),
    (22,4,5),
    (23,0,4),
    (23,1,5),
    (23,2,1),
    (23,3,2),
    (23,4,6),
    (24,0,3),
    (24,1,3),
    (24,2,1),
    (24,3,2),
    (24,4,1),
    (25,0,3),
    (25,1,2),
    (25,2,6),
    (25,3,4),
    (25,4,1),
    (26,0,4),
    (26,1,3),
    (26,2,1),
    (26,3,5),
    (26,4,1),
    (27,0,4),
    (27,1,6),
    (27,2,6),
    (27,3,6),
    (27,4,4),
    (28,0,6),
    (28,1,4),
    (28,2,5),
    (28,3,5),
    (28,4,5),
    (29,0,1),
    (29,1,5),
    (29,2,3),
    (29,3,2),
    (29,4,6),
    (30,0,5),
    (30,1,1),
    (30,2,1),
    (30,3,4),
    (30,4,6),
    (31,0,2),
    (31,1,3),
    (31,2,2),
    (31,3,3),
    (31,4,3),
    (32,0,1),
    (32,1,5),
    (32,2,4),
    (32,3,3),
    (32,4,2),
    (33,0,5),
    (33,1,5),
    (33,2,6),
    (33,3,5),
    (33,4,4),
    (34,0,5),
    (34,1,2),
    (34,2,2),
    (34,3,3),
    (34,4,2),
    (35,0,5),
    (35,1,6),
    (35,2,1),
    (35,3,1),
    (35,4,2),
    (36,0,6),
    (36,1,4),
    (36,2,6),
    (36,3,2),
    (36,4,6),
    (37,0,1),
    (37,1,6),
    (37,2,4),
    (37,3,1),
    (37,4,4),
    (38,0,2),
    (38,1,4),
    (38,2,5),
    (38,3,3),
    (38,4,6),
    (39,0,2),
    (39,1,6),
    (39,2,4),
    (39,3,5),
    (39,4,5),
    (40,0,1),
    (40,1,5),
    (40,2,2),
    (40,3,4),
    (40,4,1);

/*
insert into booking(roomid,csin)
select * from booking;
select * from room;
*/